{
   "html_attributions" : [],
   "result" : {
      "formatted_address" : "4811 Main St, Vancouver, BC V5V 3R9, Canada",
      "formatted_phone_number" : "(604) 428-6820",
      "name" : "Autostrada Osteria",
      "opening_hours" : {
         "open_now" : false,
         "periods" : [
            {
               "close" : {
                  "day" : 0,
                  "time" : "2200"
               },
               "open" : {
                  "day" : 0,
                  "time" : "1700"
               }
            },
            {
               "close" : {
                  "day" : 1,
                  "time" : "2200"
               },
               "open" : {
                  "day" : 1,
                  "time" : "1700"
               }
            },
            {
               "close" : {
                  "day" : 2,
                  "time" : "2200"
               },
               "open" : {
                  "day" : 2,
                  "time" : "1700"
               }
            },
            {
               "close" : {
                  "day" : 3,
                  "time" : "2200"
               },
               "open" : {
                  "day" : 3,
                  "time" : "1700"
               }
            },
            {
               "close" : {
                  "day" : 4,
                  "time" : "2200"
               },
               "open" : {
                  "day" : 4,
                  "time" : "1700"
               }
            },
            {
               "close" : {
                  "day" : 5,
                  "time" : "2200"
               },
               "open" : {
                  "day" : 5,
                  "time" : "1700"
               }
            },
            {
               "close" : {
                  "day" : 6,
                  "time" : "2200"
               },
               "open" : {
                  "day" : 6,
                  "time" : "1700"
               }
            }
         ],
         "weekday_text" : [
            "Monday: 5:00 – 10:00 p.m.",
            "Tuesday: 5:00 – 10:00 p.m.",
            "Wednesday: 5:00 – 10:00 p.m.",
            "Thursday: 5:00 – 10:00 p.m.",
            "Friday: 5:00 – 10:00 p.m.",
            "Saturday: 5:00 – 10:00 p.m.",
            "Sunday: 5:00 – 10:00 p.m."
         ]
      },
      "photos" : [
         {
            "height" : 4160,
            "html_attributions" : [
               "\u003ca href=\"https://maps.google.com/maps/contrib/115627173698060253603/photos\"\u003eDb ForNexusApps\u003c/a\u003e"
            ],
            "photo_reference" : "CmRaAAAAyER9FR-uXF6S38SqeHiEBQ9jE74EMm-I3p0DrXZpDjy3y8eg_8g7THyz8GzHisaIN_LtNNsXZ6Coo4z8r4Tp624AwS04Jz4Q3XmJkjfWgx9dliRfzsAi4jj5qhwnnM6SEhCTbhZLCIJMB2g74aoBK0RFGhSAi4IM4LmV0s5F49siZEuUj8hDag",
            "width" : 3120
         },
         {
            "height" : 4640,
            "html_attributions" : [
               "\u003ca href=\"https://maps.google.com/maps/contrib/116229683814644255201/photos\"\u003eErnest Lang\u003c/a\u003e"
            ],
            "photo_reference" : "CmRaAAAABE7xpVjDHq85qLdSk3aO_8alwlLbj5XL8YsKNyFXR9DBqcXJlBAfQ6ASJ-UpD_cUMvzUZulNtVDk4t2CI4hsrWJm_v0rK_lzDOeNLKBQ6aEEcL1Gy4GnDljfVqaDmuKTEhDOrH9ZHdIK8DF5CUgNJCQwGhQvLyYHR8wHeSOf1HJdayBJuiG9wA",
            "width" : 3480
         },
         {
            "height" : 2448,
            "html_attributions" : [
               "\u003ca href=\"https://maps.google.com/maps/contrib/109322557918500683244/photos\"\u003eFlora Yu\u003c/a\u003e"
            ],
            "photo_reference" : "CmRaAAAAcpkfcC0ljedF_lTBDJHoTOQ49zUnIYOsVLbOg5xRIT7b5xXUnEsygiPwtt7FqAiczZaFHwYdQvrVdLT2-4hG9OYmK31r0AdJymne5iInr5ld04u3TSR_GT4ljK6HR0OEEhDGHS26yAzmaMFYeaO9NkZZGhQ6tT8_eDBmhKI3CYKhA5PzW-rXhQ",
            "width" : 3264
         },
         {
            "height" : 3024,
            "html_attributions" : [
               "\u003ca href=\"https://maps.google.com/maps/contrib/101262668819626935197/photos\"\u003eJason Yu\u003c/a\u003e"
            ],
            "photo_reference" : "CmRaAAAAuVOl7CueOLn4tzndzHKauispYWlX1smjjJoVIQmwLGpWi3cgHfbTMRFP8-iVgCmdHcF2hNFaURAc1PjygEdp98xPmnawO4IPkpItEWmmye--aOpttUmjllLhl3H5Pz8zEhB8WWF3FX1n2Og2PT30n19iGhQ3jOM2p9HgS6zVbiJiyEzbPf1uJQ",
            "width" : 4032
         },
         {
            "height" : 371,
            "html_attributions" : [
               "\u003ca href=\"https://maps.google.com/maps/contrib/117069747206538825943/photos\"\u003eAutostrada Osteria\u003c/a\u003e"
            ],
            "photo_reference" : "CmRaAAAAtW3JZqeLQc6BDAKqvrGHjOZjNBW32gStY7PMxZ0ehvpjpoYlpi06iMNjA4FcBSAC_1iwL3sD7BLKAxSsVYA01g9Z063e4hS8jUYhul7L6_TCECYPKwBgfsuTrCW8gqfYEhAm_nLWOtwoI78_dnaMWAHWGhT_FBH_OEJTuSY-0TvHLBxFMCZdJQ",
            "width" : 629
         },
         {
            "height" : 2496,
            "html_attributions" : [
               "\u003ca href=\"https://maps.google.com/maps/contrib/100152064276929137516/photos\"\u003eJenn Salt\u003c/a\u003e"
            ],
            "photo_reference" : "CmRaAAAAQ9jUGROXQ96dCtk7j8rVW-ehUY3lmc6zn4N5Rx_4n1XDk4bLzh7Sun1B76Wcp-7JTfEGBdqsTbtTeAtNbecGmELqfEpgp2dKPWBNTUplo4hqijIQlxjD3Nq5F8gPc_mYEhBcKlJvJr4tDKStgmyKjAVpGhSnRHBHQPF4qFQRfZF_qnh-BdUh_g",
            "width" : 3744
         },
         {
            "height" : 2441,
            "html_attributions" : [
               "\u003ca href=\"https://maps.google.com/maps/contrib/100152064276929137516/photos\"\u003eJenn Salt\u003c/a\u003e"
            ],
            "photo_reference" : "CmRaAAAARkHXZld7185PsW00MmNYTVT5JaXEv7pNmkdJJBAMsZfh2S3wzFXewWsU-JU0U7PpMgRsKJWyBtSYD2OdoIXhqFYbgnUj6JJlk2CXOZEOBpYA2a7bTYDpYXzxWi-HSy-dEhACRW22-4hOnXsamn8wKbB5GhR481za07GRW1t_jirTNjIRHtDGaw",
            "width" : 3662
         },
         {
            "height" : 2362,
            "html_attributions" : [
               "\u003ca href=\"https://maps.google.com/maps/contrib/111372607216764197821/photos\"\u003eFayaz Manji\u003c/a\u003e"
            ],
            "photo_reference" : "CmRaAAAATlCo3yw0f6lBWsE8KeEOJHCjcZ13M5O_mMg5pqjtvecvkAQeoYg0pKHf3UoDxD9-vnPOFe6kp7-xMaSXGgCtxCOpLyJp4Put00CJKO3j0D6Zc9XrkhIX8mrQWuuZ2s4yEhAL5gxAH5qt8YWlsJMIt9T9GhRb6-J63s0Bs2fkh5yy0tD1wFDGTA",
            "width" : 1960
         },
         {
            "height" : 2268,
            "html_attributions" : [
               "\u003ca href=\"https://maps.google.com/maps/contrib/112425195499066367605/photos\"\u003eChris Ho Yee\u003c/a\u003e"
            ],
            "photo_reference" : "CmRaAAAAE6u-ikt12MwQ700ZLh77TzmJkHwH6OVVbws3tpp_gTeaT2WWOsQAYxSTbUMgdTyFae9cq51MCANy3tL3ERfRBHqTTiR1pGnapTf87jQ7_vSJdDMH4dMXlgEZzqPE0HeQEhD9xXSlDqsusagH0cEhsBjNGhQle79cP5a34w2LTdKS9WUwq_n2uA",
            "width" : 4032
         },
         {
            "height" : 4032,
            "html_attributions" : [
               "\u003ca href=\"https://maps.google.com/maps/contrib/100878403579355581773/photos\"\u003ePearl Tang\u003c/a\u003e"
            ],
            "photo_reference" : "CmRaAAAAEqdV4b8OHw7zAbVXvJea3FlOFiJqeyYcLh2hqll-G9V0y6fn3QRXxQAEIK9RXNA-fbcIYoQCLZv7KV4fYjpOiyDYGQZSvcS5DxnEAcxquE0Zsw_fdhM--g94oPswUxcsEhADA4aAdO-LybHMNPTZOKi-GhSZltNZjvxWTdVhgjP88iG9VFHVpQ",
            "width" : 1960
         }
      ],
      "rating" : 4.5,
      "reviews" : [
         {
            "author_name" : "Leah Evans",
            "author_url" : "https://www.google.com/maps/contrib/104672337903634730772/reviews",
            "language" : "en",
            "profile_photo_url" : "https://lh4.googleusercontent.com/-hWY6YzbtW50/AAAAAAAAAAI/AAAAAAAAAgE/adXsOrN11f0/s128-c0x00000000-cc-rp-mo-ba4/photo.jpg",
            "rating" : 1,
            "relative_time_description" : "in the last week",
            "text" : "My friend had some questions about the menu and the server was extremely rude. She told us the menu was self-explanatory, especially if you're with someone who isn't familiar with Italian cuisine and a lot of the menu is not in English. The pasta sounded delicious, but it was too expensive for that kind of service.",
            "time" : 1541369267
         },
         {
            "author_name" : "Jen Ong",
            "author_url" : "https://www.google.com/maps/contrib/104658636628020588882/reviews",
            "language" : "en",
            "profile_photo_url" : "https://lh5.googleusercontent.com/-x0rI_DjT9ls/AAAAAAAAAAI/AAAAAAAABoM/D7MfqQRZSe4/s128-c0x00000000-cc-rp-mo-ba2/photo.jpg",
            "rating" : 5,
            "relative_time_description" : "3 months ago",
            "text" : "One of my favourite restaurants! The food is amazing, service is great, and they have good wine!  They don’t take reservations unfortunately, but it’s definitely worth the wait.",
            "time" : 1533310920
         },
         {
            "author_name" : "Jude Wang",
            "author_url" : "https://www.google.com/maps/contrib/109930349277711214629/reviews",
            "language" : "en",
            "profile_photo_url" : "https://lh6.googleusercontent.com/-s7e9XwbZ5t0/AAAAAAAAAAI/AAAAAAAAAAA/ABtNlbApAIVIDwAUuz71typtMoT1wNZQtQ/s128-c0x00000000-cc-rp-mo/photo.jpg",
            "rating" : 5,
            "relative_time_description" : "4 months ago",
            "text" : "Everything on the menu is excellent and delicious. Possibly the best burrata in Vancouver. Everything is very flavourful yet not too rich or heavy. Great service! Best neighbourhood little spot.",
            "time" : 1530069574
         },
         {
            "author_name" : "Benedict Turner",
            "author_url" : "https://www.google.com/maps/contrib/113716416249566639644/reviews",
            "language" : "en",
            "profile_photo_url" : "https://lh3.googleusercontent.com/-GVTEI_V1Xrg/AAAAAAAAAAI/AAAAAAAAZRk/HVpUAaZS0Cg/s128-c0x00000000-cc-rp-mo-ba4/photo.jpg",
            "rating" : 5,
            "relative_time_description" : "3 months ago",
            "text" : "Autostrada does what a neighbourhood restaurant should: a relatively simple menu with excellent execution. They have a bourbon Negroni that I very readily threw back (twice). Staff are kind and welcoming, and made the whole visit quite lovely. There’s usually a line/wait but it’s worth it",
            "time" : 1532400403
         },
         {
            "author_name" : "Txomin Hermosilla",
            "author_url" : "https://www.google.com/maps/contrib/100543294054660699691/reviews",
            "language" : "en",
            "profile_photo_url" : "https://lh5.googleusercontent.com/-yxOKqtKjpHA/AAAAAAAAAAI/AAAAAAAAI5Q/LVzdXopQefE/s128-c0x00000000-cc-rp-mo-ba6/photo.jpg",
            "rating" : 5,
            "relative_time_description" : "7 months ago",
            "text" : "The pasta is fantastic. Fresh, delicious and just perfect. We waited almost an hour and a half for a table but it was worth it. Matchstick is next door and a great place to grab a coffee while you wait. The service is impeccable. Will definitely be coming back again.",
            "time" : 1523175169
         }
      ],
      "website" : "http://www.autostradahospitality.ca/"
   },
   "status" : "OK"
}
